Camera_ID,type,Country,State,City,Latitude,Longtitude,Resolution_w,Resolution_h,Ip,Port,Image_path,Video_path,Snapshot_url,m3u8_url,
5b0cfa7345bb0c0004277e29,ip,US,IN,West Lafayette,40.4278,-86.9169,640,480,128.10.29.20,80,/axis-cgi/jpg/image.cgi,/axis-cgi/mjpg/video.cgi,Null,Null,
5b0cfa7445bb0c0004277e2a,ip,US,IN,West Lafayette,40.4278,-86.9169,640,480,128.10.29.21,80,/axis-cgi/jpg/image.cgi,/axis-cgi/mjpg/video.cgi,Null,Null,
5b0cfa7545bb0c0004277e2b,ip,US,IN,West Lafayette,40.4278,-86.9169,640,480,128.10.29.22,80,/axis-cgi/jpg/image.cgi,/axis-cgi/mjpg/video.cgi,Null,Null,
5b0cfa7645bb0c0004277e2c,ip,US,IN,West Lafayette,40.4278,-86.9169,640,480,128.10.29.23,80,/axis-cgi/jpg/image.cgi,/axis-cgi/mjpg/video.cgi,Null,Null,
5b0cfa7745bb0c0004277e2d,ip,US,IN,West Lafayette,40.4278,-86.9169,640,480,128.10.29.24,80,/axis-cgi/jpg/image.cgi,/axis-cgi/mjpg/video.cgi,Null,Null,
5b0cfa7845bb0c0004277e2e,ip,US,IN,West Lafayette,40.4278,-86.9169,640,480,128.10.29.25,80,/axis-cgi/jpg/image.cgi,/axis-cgi/mjpg/video.cgi,Null,Null,
5b0cfa7c45bb0c0004277e32,ip,US,IN,West Lafayette,40.4278,-86.9169,640,480,128.10.29.31,80,/axis-cgi/jpg/image.cgi,/axis-cgi/mjpg/video.cgi,Null,Null,
5b0cfa7d45bb0c0004277e33,ip,US,IN,West Lafayette,40.4278,-86.9169,1024,768,128.10.29.32,80,/axis-cgi/jpg/image.cgi,/axis-cgi/mjpg/video.cgi,Null,Null,
5b0cfa7e45bb0c0004277e34,ip,US,IN,West Lafayette,40.4278,-86.9169,1024,768,128.10.29.33,80,/axis-cgi/jpg/image.cgi,/axis-cgi/mjpg/video.cgi,Null,Null,
5b0cfa8045bb0c0004277e37,ip,US,WI,Madison,43.0761,-89.4104,1280,720,128.104.181.37,80,/axis-cgi/jpg/image.cgi,/axis-cgi/mjpg/video.cgi,Null,Null,
5b0cfa8b45bb0c0004277e43,ip,US,MA,Amherst,42.3804,-72.5231,320,240,128.119.98.19,80,/axis-cgi/jpg/image.cgi,/axis-cgi/mjpg/video.cgi,Null,Null,
5b0cfab045bb0c0004277e68,ip,US,WA,Seattle,47.6606,-122.292,640,480,128.208.252.2,80,/axis-cgi/jpg/image.cgi,/axis-cgi/mjpg/video.cgi,Null,Null,
5b0cfac045bb0c0004277e79,ip,US,IN,West Lafayette,40.4249,-86.9162,640,480,128.46.190.179,80,/axis-cgi/jpg/image.cgi,/axis-cgi/mjpg/video.cgi,Null,Null,
5b0cfac945bb0c0004277e82,ip,US,KS,Manhattan,39.1023,-96.5246,640,480,129.130.11.10,80,/SnapshotJPEG?Resolution,/nphMotionJpeg?Resolution,Null,Null,Video link
5b0cface45bb0c0004277e88,ip,US,NH,Hanover,43.7226,-72.1342,640,480,129.170.117.10,80,/axis-cgi/jpg/image.cgi,/axis-cgi/mjpg/video.cgi,Null,Null,
5b0cfad045bb0c0004277e8a,ip,US,IA,Ames,42.036,-93.4652,,,129.186.47.239,80,,/,Null,Null,
5b0cfad245bb0c0004277e8c,ip,DE,Null,Heidelberg,49.4167,8.7,640,360,129.206.127.105,80,/axis-cgi/jpg/image.cgi,/axis-cgi/mjpg/video.cgi,Null,Null,
5b0cfad445bb0c0004277e8e,ip,US,MD,College Park,38.8336,-76.8777,2048,1536,129.2.16.181,80,/axis-cgi/jpg/image.cgi,/axis-cgi/mjpg/video.cgi,Null,Null,
5b0cfaea45bb0c0004277ea5,ip,US,MD,Hyattsville,39.0007,-76.973,640,480,131.118.33.250,80,/axis-cgi/jpg/image.cgi,/axis-cgi/mjpg/video.cgi,Null,Null,
5b0cfaeb45bb0c0004277ea6,ip,AT,Null,Vienna,48.2,16.3667,320,240,131.130.50.123,80,/axis-cgi/jpg/image.cgi,/axis-cgi/mjpg/video.cgi,Null,Null,
5b0cfaf445bb0c0004277eaf,ip,US,CA,La Jolla,32.8807,-117.236,,,137.110.119.4,80,,/,Null,Null,
5b0cfafd45bb0c0004277eb7,ip,US,VT,Middlebury,43.9957,-73.1596,1280,800,140.233.86.204,80,/axis-cgi/jpg/image.cgi,/axis-cgi/mjpg/video.cgi,Null,Null,
5b0cfb0345bb0c0004277ebe,ip,US,WI,Madison,43.0761,-89.4104,640,480,144.92.207.90,80,/image.jpg,/MJPEG.CGI,Null,Null,
5b0cfb0945bb0c0004277ec4,ip,US,WI,Madison,43.0761,-89.4104,1280,800,144.92.96.157,80,/axis-cgi/jpg/image.cgi,/axis-cgi/mjpg/video.cgi,Null,Null,
5b0cfb0d45bb0c0004277ec7,ip,US,PA,University Park,40.8077,-77.8614,1600,1200,146.186.123.229,80,/axis-cgi/jpg/image.cgi,/axis-cgi/mjpg/video.cgi,Null,Null,
5b0cfb1945bb0c0004277ed3,ip,US,NY,Hamilton,42.8175,-75.5483,640,480,149.43.156.105,80,/axis-cgi/jpg/image.cgi,/axis-cgi/mjpg/video.cgi,Null,Null,
5b0cfb2145bb0c0004277edb,ip,IS,Null,,65,-18,704,576,157.157.215.231,80,/axis-cgi/jpg/image.cgi,/axis-cgi/mjpg/video.cgi,Null,Null,
5b0cfb2445bb0c0004277ede,ip,US,CA,Los Angeles,33.9571,-118.404,320,240,157.242.44.60,80,/axis-cgi/jpg/image.cgi,/axis-cgi/mjpg/video.cgi,Null,Null,
5b0cfb2945bb0c0004277ee3,ip,HR,Null,Zagreb,45.8,16,800,568,161.53.240.140,80,/axis-cgi/jpg/image.cgi,/axis-cgi/mjpg/video.cgi,Null,Null,
5b0cfb3245bb0c0004277eec,ip,US,IL,Lemont,41.6815,-87.9706,,,164.54.143.12,80,,/,Null,Null,
5b0cfb3345bb0c0004277eed,ip,US,NY,Verona,43.1499,-75.5848,,,168.170.186.230,80,,/,Null,Null,
5b0cfb3445bb0c0004277eee,ip,US,ID,Sandpoint,48.3432,-116.454,,,173.85.231.204,80,,/,Null,Null,
5b0cfb3945bb0c0004277ef3,ip,JP,Null,Tokyo,35.685,139.751,640,480,180.43.40.161,80,/SnapshotJPEG?Resolution,/nphMotionJpeg?Resolution,Null,Null,
5b0cfb3b45bb0c0004277ef5,ip,AR,Null,Buenos Aires,-34.5875,-58.6725,,,190.220.3.108,80,,/,Null,Null,
5b0cfb3e45bb0c0004277ef8,ip,GB,Null,Plymouth,50.3761,-4.1632,800,600,192.171.163.3,80,/axis-cgi/jpg/image.cgi,/axis-cgi/mjpg/video.cgi,Null,Null,
5b0cfb4045bb0c0004277efa,ip,US,TX,Houston,29.8301,-95.4739,,,192.185.88.80,80,,/,Null,Null,
5b0cfb4d45bb0c0004277f07,ip,SE,Null,,62,15,1280,720,194.103.218.15,80,/axis-cgi/jpg/image.cgi,/axis-cgi/mjpg/video.cgi,Null,Null,
5b0cfb4f45bb0c0004277f09,ip,SE,Null,Vertorne,66.3833,23.6667,640,480,194.117.188.138,80,/axis-cgi/jpg/image.cgi,/axis-cgi/mjpg/video.cgi,Null,Null,
5b0cfb5a45bb0c0004277f14,ip,FI,Null,Ivalo,68.65,27.6,384,288,194.89.9.86,80,/axis-cgi/jpg/image.cgi,/axis-cgi/mjpg/video.cgi,Null,Null,
5b0cfb5b45bb0c0004277f15,ip,DE,Null,Schmalkalden,50.7167,10.45,,,194.94.31.202,80,,/,Null,Null,
5b0cfb6045bb0c0004277f1a,ip,SE,Null,Pajala,67.2,23.3667,640,480,195.196.36.242,80,/axis-cgi/jpg/image.cgi,/axis-cgi/mjpg/video.cgi,Null,Null,
5b0cfb6145bb0c0004277f1b,ip,PL,Null,,52,20,384,288,195.200.199.8,80,/axis-cgi/jpg/image.cgi,/axis-cgi/mjpg/video.cgi,Null,Null,
5b0cfb6845bb0c0004277f21,ip,AT,Null,Salzburg,47.8,13.0333,2048,500,195.70.120.133,80,/record/current.jpg,/cgi-bin/faststream.jpg,Null,Null,
5b0cfb6f45bb0c0004277f28,ip,US,VA,Blacksburg,37.1791,-80.3515,1280,720,198.82.159.136,80,/axis-cgi/jpg/image.cgi,/axis-cgi/mjpg/video.cgi,Null,Null,
5b0cfb7145bb0c0004277f2a,ip,US,SC,Rock Hill,34.9926,-81.1787,704,480,199.79.254.179,80,/axis-cgi/jpg/image.cgi,/axis-cgi/mjpg/video.cgi,Null,Null,
5b0cfb7445bb0c0004277f2d,ip,MX,Null,,19.43,-99.13,640,480,200.36.58.250,80,/axis-cgi/jpg/image.cgi,/axis-cgi/mjpg/video.cgi,Null,Null,
5b0cfb9445bb0c0004277f4d,ip,JP,Null,,35.69,139.69,640,480,210.155.223.251,80,/SnapshotJPEG?Resolution,/nphMotionJpeg?Resolution,Null,Null,
5b0cfb9745bb0c0004277f50,ip,JP,Null,,35.69,139.69,,,210.237.44.116,80,,/,Null,Null,
5b0cfb9e45bb0c0004277f57,ip,FR,Null,Brest,48.3908,-4.4862,640,480,212.234.116.85,80,/axis-cgi/jpg/image.cgi,/axis-cgi/mjpg/video.cgi,Null,Null,
5b0cfba145bb0c0004277f5b,ip,DE,Null,Cloppenburg,52.8475,8.0462,640,480,212.6.91.123,80,/axis-cgi/jpg/image.cgi,/axis-cgi/mjpg/video.cgi,Null,Null,
5b0cfba545bb0c0004277f5f,ip,DE,Null,,51,9,640,480,213.135.11.51,80,/record/current.jpg,/cgi-bin/faststream.jpg,Null,Null,
5b0cfba845bb0c0004277f62,ip,CH,Null,Haggenschwil,47.4942,9.3425,768,576,213.196.182.244,80,/axis-cgi/jpg/image.cgi,/axis-cgi/mjpg/video.cgi,Null,Null,
5b0cfbb045bb0c0004277f6b,ip,US,AZ,Phoenix,33.7248,-112.089,,,216.119.89.234,80,,/,Null,Null,
5b0cfbc345bb0c0004277f7e,ip,US,AK,Anchorage,61.2181,-149.9,640,480,216.67.98.12,80,/axis-cgi/jpg/image.cgi,/axis-cgi/mjpg/video.cgi,Null,Null,
5b0cfbc445bb0c0004277f7f,ip,US,MI,Detroit,42.3314,-83.0457,704,480,216.8.159.21,80,/axis-cgi/jpg/image.cgi,/axis-cgi/mjpg/video.cgi,Null,Null,
5b0cfbc945bb0c0004277f84,ip,AT,Null,Vienna,48.2,16.3667,640,480,217.196.77.178,80,/record/current.jpg,/cgi-bin/faststream.jpg,Null,Null,
5b0cfbcb45bb0c0004277f87,ip,DE,Null,,51,9,640,480,217.24.53.18,80,/record/current.jpg,/cgi-bin/faststream.jpg,Null,Null,
5b0cfbcc45bb0c0004277f88,ip,HU,Null,,47,20,,,217.65.97.118,80,,/,Null,Null,
5b0cfbcd45bb0c0004277f89,ip,DE,Null,Essen,51.45,7.0167,704,576,217.78.137.43,80,/axis-cgi/jpg/image.cgi,/axis-cgi/mjpg/video.cgi,Null,Null,
5b0cfbd445bb0c0004277f90,ip,JP,Null,,35.69,139.69,,,218.224.118.141,80,,/,Null,Null,
5b0cfbdd45bb0c0004277f99,ip,JP,Null,Tokyo,35.685,139.751,,,220.109.217.98,80,,/,Null,Null,
5b0cfbe345bb0c0004277f9f,ip,US,CA,Angwin,38.5771,-122.441,,,24.104.138.100,80,,/,Null,Null,
5b0cfbe745bb0c0004277fa3,ip,US,MI,Midland,43.7053,-84.2377,704,480,24.180.249.249,80,/axis-cgi/jpg/image.cgi,/axis-cgi/mjpg/video.cgi,Null,Null,
5b0cfbf445bb0c0004277fb0,ip,JP,Null,Saga,33.2493,130.299,,,61.7.96.32,80,,/,Null,Null,
5b0cfbfd45bb0c0004277fb8,ip,ES,Null,Bilbao,43.2609,-2.9388,640,480,62.99.76.193,80,/axis-cgi/jpg/image.cgi,/axis-cgi/mjpg/video.cgi,Null,Null,
5b0cfc0345bb0c0004277fbe,ip,US,CA,Anaheim,33.8502,-117.791,,,64.50.180.138,80,,/,Null,Null,
5b0cfc1245bb0c0004277fce,ip,US,MI,Lansing,42.7257,-84.636,,,67.227.196.234,80,,/,Null,Null,
5b0cfc2b45bb0c0004277fe9,ip,US,ND,Devils Lake,48.1436,-98.8872,800,450,76.10.79.246,80,/axis-cgi/jpg/image.cgi,/axis-cgi/mjpg/video.cgi,Null,Null,
5b0cfc2d45bb0c0004277feb,ip,NO,Null,Alvdal,62.1167,10.65,704,576,77.106.164.66,80,/axis-cgi/jpg/image.cgi,/axis-cgi/mjpg/video.cgi,Null,Null,
5b0cfc2f45bb0c0004277fed,ip,CZ,Null,Bystrice Pod Hostynem,49.3996,17.6742,640,480,77.48.31.68,80,/axis-cgi/jpg/image.cgi,/axis-cgi/mjpg/video.cgi,Null,Null,
5b0cfc3245bb0c0004277ff0,ip,RU,Null,,60,100,768,576,78.85.3.144,80,/axis-cgi/jpg/image.cgi,/axis-cgi/mjpg/video.cgi,Null,Null,
5b0cfc4845bb0c0004278007,ip,CZ,Null,Trinec,49.6804,18.6653,640,480,80.82.144.83,80,/axis-cgi/jpg/image.cgi,/axis-cgi/mjpg/video.cgi,Null,Null,
5b0cfc4e45bb0c000427800d,ip,PL,Null,Kielce,50.8333,20.6667,640,480,81.26.28.141,80,/axis-cgi/jpg/image.cgi,/axis-cgi/mjpg/video.cgi,Null,Null,
5b0cfc4f45bb0c000427800e,ip,SE,Null,Stensele,65.0833,17.1667,640,480,81.8.152.68,80,/axis-cgi/jpg/image.cgi,/axis-cgi/mjpg/video.cgi,Null,Null,
5b0cfc6e45bb0c000427802e,ip,BG,Null,Burgas,42.5,27.4667,480,360,84.54.139.100,80,/axis-cgi/jpg/image.cgi,/axis-cgi/mjpg/video.cgi,Null,Null,
5b0cfc7c45bb0c000427803b,ip,DK,Null,Holte,55.8167,12.4667,1920,1080,87.54.59.228,80,/axis-cgi/jpg/image.cgi,/axis-cgi/mjpg/video.cgi,Null,Null,
5b0cfc8645bb0c0004278046,ip,RU,Null,,60,100,640,480,91.143.62.11,80,/axis-cgi/jpg/image.cgi,/axis-cgi/mjpg/video.cgi,Null,Null,
5b0cfca745bb0c0004278069,ip,US,MA,Boston,42.3451,-71.0993,1280,960,128.197.178.105,80,/SnapshotJPEG?Resolution,/nphMotionJpeg?Resolution,Null,Null,
5b0cfcae45bb0c0004278071,ip,AU,Null,,-27,133,640,480,130.95.52.157,80,/axis-cgi/jpg/image.cgi,/axis-cgi/mjpg/video.cgi,Null,Null,
5b0cfcb045bb0c0004278073,ip,EE,Null,,59,26,320,240,195.80.101.230,8888,/axis-cgi/jpg/image.cgi,/axis-cgi/mjpg/video.cgi,Null,Null,
5b0cfcb945bb0c000427807c,ip,NO,Null,,62,10,640,480,217.149.125.238,80,/axis-cgi/jpg/image.cgi,/axis-cgi/mjpg/video.cgi,Null,Null,
5b0cfcba45bb0c000427807d,ip,UA,Null,,49,32,,,82.207.51.146,80,,/,Null,Null,
5b0cfcd845bb0c000427809d,ip,US,MI,Allendale,42.9742,-85.9311,1920,1080,148.61.97.229,80,/axis-cgi/jpg/image.cgi,/axis-cgi/mjpg/video.cgi,Null,Null,
5b0cfcd945bb0c000427809e,ip,US,MI,Allendale,42.9742,-85.9311,1920,1080,148.61.63.218,80,/axis-cgi/jpg/image.cgi,/axis-cgi/mjpg/video.cgi,Null,Null,
5b0cfcdb45bb0c00042780a0,ip,DE,Null,Gttingen,51.5333,9.9333,320,240,134.76.205.194,80,/axis-cgi/jpg/image.cgi,/axis-cgi/mjpg/video.cgi,Null,Null,
5b0cfce345bb0c00042780a8,ip,NO,Null,,62,10,704,576,217.168.94.131,80,/axis-cgi/jpg/image.cgi,/axis-cgi/mjpg/video.cgi,Null,Null,
5b0cfce645bb0c00042780ab,ip,SE,Null,Pajala,67.2,23.3667,800,450,195.196.35.91,80,/axis-cgi/jpg/image.cgi,/axis-cgi/mjpg/video.cgi,Null,Null,
5b0cfce745bb0c00042780ac,ip,NO,Null,,62,10,,,193.90.12.77,80,,/,Null,Null,
5b0cfcec45bb0c00042780af,ip,DE,Null,,51,9,800,450,217.91.58.189,1024,/axis-cgi/jpg/image.cgi,/axis-cgi/mjpg/video.cgi,Null,Null,
5b0cfcf545bb0c00042780b8,ip,AT,Null,,47.3333,13.3333,704,576,85.199.1.130,80,/axis-cgi/jpg/image.cgi,/axis-cgi/mjpg/video.cgi,Null,Null,
5b0cfcfa45bb0c00042780be,ip,US,ND,Devils Lake,48.1436,-98.8872,800,450,69.178.250.15,80,/axis-cgi/jpg/image.cgi,/axis-cgi/mjpg/video.cgi,Null,Null,
5b0cfcfc45bb0c00042780c0,ip,,Null,Vancouver,49.2765,-123.218,1280,720,142.103.183.237,80,/axis-cgi/jpg/image.cgi,/axis-cgi/mjpg/video.cgi,Null,Null,
5b0cfd0f45bb0c00042780d4,ip,US,AK,Fairbanks,64.8378,-147.716,640,480,137.229.93.113,80,/axis-cgi/jpg/image.cgi,/axis-cgi/mjpg/video.cgi,Null,Null,
5b0cfd1045bb0c00042780d6,ip,FI,Null,,64,26,640,480,194.8.226.46,80,/axis-cgi/jpg/image.cgi,/axis-cgi/mjpg/video.cgi,Null,Null,
5b0cfd2445bb0c00042780eb,ip,US,CA,Chico,39.7158,-121.815,704,480,208.53.87.199,80,/axis-cgi/jpg/image.cgi,/axis-cgi/mjpg/video.cgi,Null,Null,
5b0cfd2f45bb0c00042780f7,ip,US,GA,Atlanta,33.7763,-84.398,1280,800,130.207.76.171,80,/axis-cgi/jpg/image.cgi,/axis-cgi/mjpg/video.cgi,Null,Null,
5b0cfd3045bb0c00042780f8,ip,US,VT,Middlebury,43.9957,-73.1596,1280,800,140.233.64.66,80,/axis-cgi/jpg/image.cgi,/axis-cgi/mjpg/video.cgi,Null,Null,
5b0cfd5645bb0c000427811f,ip,US,CA,Clio,39.7289,-120.571,640,480,216.198.113.51,80,/axis-cgi/jpg/image.cgi,/axis-cgi/mjpg/video.cgi,Null,Null,
5b0cfd5845bb0c0004278121,ip,CH,Null,Lausanne,46.5333,6.6667,1280,1024,130.223.93.252,80,/axis-cgi/jpg/image.cgi,/axis-cgi/mjpg/video.cgi,Null,Null,
5b0cfd5f45bb0c0004278129,ip,NL,Null,Groningen,53.2167,6.55,640,400,129.125.136.20,80,/axis-cgi/jpg/image.cgi,/axis-cgi/mjpg/video.cgi,Null,Null,
5b0cfd6145bb0c000427812b,ip,US,VA,Ashburn,39.0335,-77.4838,640,480,208.64.154.18,80,/SnapshotJPEG?Resolution,/nphMotionJpeg?Resolution,Null,Null,
5b0cfd8a45bb0c0004278154,ip,US,WA,Bellevue,47.6154,-122.21,640,480,134.39.121.104,80,/axis-cgi/jpg/image.cgi,/axis-cgi/mjpg/video.cgi,Null,Null,
5b0cfd9745bb0c0004278162,ip,US,MA,Worcester,42.2423,-71.8099,1280,720,140.232.203.246,80,/axis-cgi/jpg/image.cgi,/axis-cgi/mjpg/video.cgi,Null,Null,
5b0cfd9e45bb0c0004278169,ip,US,IA,Le Mars,42.7809,-96.2132,800,600,216.159.64.29,80,/axis-cgi/jpg/image.cgi,/axis-cgi/mjpg/video.cgi,Null,Null,
5b0cfda145bb0c000427816c,ip,US,CT,West Hartford,41.7814,-72.7544,640,480,137.49.20.25,80,/axis-cgi/jpg/image.cgi,/axis-cgi/mjpg/video.cgi,Null,Null,
5b0cfda945bb0c0004278174,ip,US,WA,Vashon,47.4206,-122.451,720,480,64.91.104.185,80,/axis-cgi/jpg/image.cgi,/axis-cgi/mjpg/video.cgi,Null,Null,
5b0cfdc745bb0c0004278193,ip,US,GA,Atlanta,33.7763,-84.398,640,480,130.207.153.70,80,/axis-cgi/jpg/image.cgi,/axis-cgi/mjpg/video.cgi,Null,Null,
5b0cfdcb45bb0c0004278197,ip,US,GA,Atlanta,33.7763,-84.398,,,130.207.156.183,80,,/,Null,Null,
5b0cfdcf45bb0c000427819b,ip,US,FL,Lady Lake,28.9235,-81.9185,704,480,207.30.43.66,80,/axis-cgi/jpg/image.cgi,/axis-cgi/mjpg/video.cgi,Null,Null,
5b0cfdd145bb0c000427819e,ip,US,IA,Douds,40.809,-92.121,704,480,69.18.18.82,80,/axis-cgi/jpg/image.cgi,/axis-cgi/mjpg/video.cgi,Null,Null,
5b0cfde845bb0c00042781b4,ip,US,IA,Douds,40.809,-92.121,704,480,69.18.18.83,80,/axis-cgi/jpg/image.cgi,/axis-cgi/mjpg/video.cgi,Null,Null,
5b0cfe1d45bb0c00042781eb,ip,US,WI,La Crosse,43.8014,-91.2396,640,480,198.150.52.78,80,/axis-cgi/jpg/image.cgi,/axis-cgi/mjpg/video.cgi,Null,Null,
5b0cfe2145bb0c00042781f0,ip,US,HI,Honolulu,21.3267,-157.817,704,480,132.160.98.225,80,/axis-cgi/jpg/image.cgi,/axis-cgi/mjpg/video.cgi,Null,Null,
5b0cfe2b45bb0c00042781fa,ip,US,CA,La Verne,34.1544,-117.764,640,480,64.69.144.102,80,/axis-cgi/jpg/image.cgi,/axis-cgi/mjpg/video.cgi,Null,Null,
5b0cfe2e45bb0c00042781fd,ip,US,GA,Decatur,33.749,-84.2751,,,130.207.32.45,80,,/,Null,Null,
5b0cfe3545bb0c0004278204,ip,US,MI,Coldwater,41.9015,-85.0346,800,450,66.231.56.22,80,/axis-cgi/jpg/image.cgi,/axis-cgi/mjpg/video.cgi,Null,Null,
5b0cfe3e45bb0c000427820e,ip,US,OR,Monmouth,44.7841,-123.338,704,480,140.211.116.14,80,/axis-cgi/jpg/image.cgi,/axis-cgi/mjpg/video.cgi,Null,Null,
5b0cfe5f45bb0c000427822c,ip,US,NM,Albuquerque,35.1404,-106.488,704,480,65.123.147.245,80,/axis-cgi/jpg/image.cgi,/axis-cgi/mjpg/video.cgi,Null,Null,
5b0cfe6345bb0c0004278231,ip,US,IN,Marion,40.5099,-85.6264,704,480,199.8.27.23,80,/axis-cgi/jpg/image.cgi,/axis-cgi/mjpg/video.cgi,Null,Null,
5b0cfe6b45bb0c000427823a,ip,US,NH,Durham,43.1271,-70.9627,704,480,132.177.194.12,80,/axis-cgi/jpg/image.cgi,/axis-cgi/mjpg/video.cgi,Null,Null,
5b0cfe7c45bb0c000427824b,ip,US,CO,Boulder,40.0878,-105.373,704,480,129.19.183.249,80,/axis-cgi/jpg/image.cgi,/axis-cgi/mjpg/video.cgi,Null,Null,
5b0cfe7e45bb0c000427824d,ip,US,IA,Le Mars,42.7809,-96.2132,1280,960,216.159.64.30,80,/axis-cgi/jpg/image.cgi,/axis-cgi/mjpg/video.cgi,Null,Null,
5b0cfe8e45bb0c000427825f,ip,US,HI,Honolulu,21.3267,-157.817,640,480,128.171.86.101,80,/axis-cgi/jpg/image.cgi,/axis-cgi/mjpg/video.cgi,Null,Null,
5b0cfe9045bb0c0004278261,ip,DE,Null,Gttingen,51.5333,9.9333,640,480,134.76.205.76,80,/axis-cgi/jpg/image.cgi,/axis-cgi/mjpg/video.cgi,Null,Null,
5b0cfe9f45bb0c0004278271,ip,US,MI,Ann Arbor,42.2923,-83.7145,1280,800,141.212.23.28,80,/axis-cgi/jpg/image.cgi,/axis-cgi/mjpg/video.cgi,Null,Null,
5b0cfea445bb0c0004278276,ip,US,SC,Rock Hill,34.9926,-81.1787,704,480,199.79.254.219,80,/axis-cgi/jpg/image.cgi,/axis-cgi/mjpg/video.cgi,Null,Null,
5b0cfeb845bb0c000427828c,ip,US,CA,Riverside,33.7529,-116.056,704,480,138.23.53.53,80,/axis-cgi/jpg/image.cgi,/axis-cgi/mjpg/video.cgi,Null,Null,
5b0cfed145bb0c00042782a4,ip,US,MI,Ann Arbor,42.2923,-83.7145,1280,1024,141.212.23.62,80,/axis-cgi/jpg/image.cgi,/axis-cgi/mjpg/video.cgi,Null,Null,
5b0cfed845bb0c00042782ac,ip,US,VT,Middlebury,43.9957,-73.1596,1280,800,140.233.86.205,80,/axis-cgi/jpg/image.cgi,/axis-cgi/mjpg/video.cgi,Null,Null,
5b0cfee945bb0c00042782bd,ip,US,IA,Douds,40.809,-92.121,704,480,69.18.18.81,80,/axis-cgi/jpg/image.cgi,/axis-cgi/mjpg/video.cgi,Null,Null,
5b0cff0045bb0c00042782d3,ip,US,GA,Newton,31.3032,-84.3703,720,480,64.39.150.240,80,/axis-cgi/jpg/image.cgi,/axis-cgi/mjpg/video.cgi,Null,Null,
5b0cff0b45bb0c00042782e0,ip,US,FL,Stuart,27.1885,-80.2164,640,480,198.136.39.115,80,/axis-cgi/jpg/image.cgi,/axis-cgi/mjpg/video.cgi,Null,Null,
5b0cff1145bb0c00042782e6,ip,US,GA,Dublin,32.4643,-82.9495,704,480,66.251.199.54,80,/axis-cgi/jpg/image.cgi,/axis-cgi/mjpg/video.cgi,Null,Null,
5b0cff1645bb0c00042782eb,ip,CA,Null,Abbotsford,49.0312,-122.301,1280,960,198.162.107.68,80,/axis-cgi/jpg/image.cgi,/axis-cgi/mjpg/video.cgi,Null,Null,
5b0cff3145bb0c00042782f7,ip,US,NJ,Edison,40.5045,-74.347,800,600,108.58.154.186,80,/axis-cgi/jpg/image.cgi,/axis-cgi/mjpg/video.cgi,Null,Null,
5b0cff3a45bb0c0004278301,ip,US,NC,Mebane,36.1399,-79.2665,,,216.231.178.10,80,,/,Null,Null,
5b0cff3f45bb0c0004278306,ip,JP,Null,Kanazawa,36.5944,136.626,,,119.18.168.247,80,,/,Null,Null,
5b0cff6e45bb0c0004278334,ip,JP,Null,Osaka,34.6864,135.52,,,121.83.134.17,80,,/,Null,Null,
5b0cff7f45bb0c0004278345,ip,US,PA,University Park,40.8077,-77.8614,704,480,128.118.52.239,80,/axis-cgi/jpg/image.cgi,/axis-cgi/mjpg/video.cgi,Null,Null,
5b0cff8c45bb0c0004278353,ip,FI,Null,Helsinki,60.1756,24.9342,768,576,128.214.194.71,80,/axis-cgi/jpg/image.cgi,/axis-cgi/mjpg/video.cgi,Null,Null,
5b0cff8f45bb0c0004278357,ip,US,NY,Ithaca,42.4485,-76.4804,,,128.253.30.11,80,,/,Null,Null,
5b0cffa645bb0c000427836e,ip,US,CA,San Luis Obispo,35.3471,-120.455,640,480,129.65.141.148,80,/axis-cgi/jpg/image.cgi,/axis-cgi/mjpg/video.cgi,Null,Null,
5b0cffae45bb0c0004278377,ip,US,OH,Kent,41.17,-81.1966,640,480,131.123.154.3,80,/axis-cgi/jpg/image.cgi,/axis-cgi/mjpg/video.cgi,Null,Null,
5b0cffb945bb0c0004278382,ip,US,AL,Auburn University,32.5782,-85.349,,,131.204.99.178,80,,/,Null,Null,
5b0cffc745bb0c000427838f,ip,US,MN,Saint Paul,44.9679,-93.0884,,,134.29.251.176,80,,/,Null,Null,
5b0cffeb45bb0c00042783b2,ip,DE,Null,Halle,51.5,12,640,480,141.48.169.7,80,/axis-cgi/jpg/image.cgi,/axis-cgi/mjpg/video.cgi,Null,Null,
5b0cfff345bb0c00042783ba,ip,FR,Null,Paris,48.8667,2.3333,640,480,145.238.185.11,80,/axis-cgi/jpg/image.cgi,/axis-cgi/mjpg/video.cgi,Null,Null,
5b0cfff445bb0c00042783bb,ip,FR,Null,Paris,48.8667,2.3333,,,145.238.185.14,80,,/,Null,Null,
5b0cfffe45bb0c00042783c5,ip,US,MN,Minneapolis,44.9759,-93.2166,640,480,146.57.36.222,80,/axis-cgi/jpg/image.cgi,/axis-cgi/mjpg/video.cgi,Null,Null,
5b0d000045bb0c00042783c7,ip,CL,Null,Santiago,-33.45,-70.6667,,,146.83.206.15,80,,/,Null,Null,
5b0d000545bb0c00042783cd,ip,US,MI,Allendale,42.9742,-85.9311,1920,1080,148.61.142.227,80,/axis-cgi/jpg/image.cgi,/axis-cgi/mjpg/video.cgi,Null,Null,
5b0d000645bb0c00042783ce,ip,US,MI,Allendale,42.9742,-85.9311,640,480,148.61.142.228,80,/axis-cgi/jpg/image.cgi,/axis-cgi/mjpg/video.cgi,Null,Null,
5b0d000b45bb0c00042783d4,ip,US,IN,Indianapolis,39.7851,-86.1665,704,480,149.166.81.8,80,/axis-cgi/jpg/image.cgi,/axis-cgi/mjpg/video.cgi,Null,Null,
5b0d001245bb0c00042783db,ip,ES,Null,Sevilla,37.3824,-5.9761,1280,720,150.214.222.102,80,/axis-cgi/jpg/image.cgi,/axis-cgi/mjpg/video.cgi,Null,Null,
5b0d001345bb0c00042783dc,ip,ES,Null,Sevilla,37.3824,-5.9761,640,480,150.214.222.97,80,/axis-cgi/jpg/image.cgi,/axis-cgi/mjpg/video.cgi,Null,Null,
5b0d001b45bb0c00042783e3,ip,US,WA,Tacoma,47.0662,-122.113,800,600,152.117.165.152,80,/record/current.jpg,/cgi-bin/faststream.jpg,Null,Null,
5b0d002545bb0c00042783eb,ip,US,NC,Cullowhee,35.2521,-83.1871,1280,720,152.30.169.250,80,/axis-cgi/jpg/image.cgi,/axis-cgi/mjpg/video.cgi,Null,Null,
5b0d002645bb0c00042783ed,ip,US,MI,Grand Rapids,42.9294,-85.5456,480,640,153.106.112.46,80,/axis-cgi/jpg/image.cgi,/axis-cgi/mjpg/video.cgi,Null,Null,
5b0d002945bb0c00042783f0,ip,IS,Null,,65,-18,,,157.157.138.235,80,,/,Null,Null,
5b0d002a45bb0c00042783f1,ip,IS,Null,,65,-18,704,576,157.157.215.231,8080,/axis-cgi/jpg/image.cgi,/axis-cgi/mjpg/video.cgi,Null,Null,
5b0d003045bb0c00042783f7,ip,IS,Null,Kpasker,66.2984,-16.4304,640,480,157.157.90.207,80,/axis-cgi/jpg/image.cgi,/axis-cgi/mjpg/video.cgi,Null,Null,
5b0d003145bb0c00042783f8,ip,IS,Null,Kpasker,66.2984,-16.4304,640,480,157.157.90.210,80,/axis-cgi/jpg/image.cgi,/axis-cgi/mjpg/video.cgi,Null,Null,
5b0d003b45bb0c0004278400,ip,ES,Null,Madrid,40.4086,-3.6922,,,161.111.233.168,80,/axis-cgi/jpg/image.cgi,/axis-cgi/mjpg/video.cgi,Null,Null,
5b0d003c45bb0c0004278401,ip,ES,Null,Madrid,40.4086,-3.6922,,,161.111.233.88,80,/axis-cgi/jpg/image.cgi,/axis-cgi/mjpg/video.cgi,Null,Null,
5b0d004245bb0c0004278408,ip,TW,Null,Taipei,25.0392,121.525,,,163.21.136.12,80,,/,Null,Null,
5b0d004345bb0c0004278409,ip,US,NE,Lincoln,40.8176,-96.7114,640,480,164.119.54.138,80,/axis-cgi/jpg/image.cgi,/axis-cgi/mjpg/video.cgi,Null,Null,
5b0d004845bb0c000427840e,ip,US,NJ,Piscataway,40.5516,-74.4637,,,165.230.20.77,80,,/,Null,Null,
5b0d006145bb0c0004278428,ip,US,VA,Richmond,37.5538,-77.4603,,,173.14.121.5,80,,/,Null,Null,
5b0d006745bb0c000427842e,ip,US,FL,Bonita Springs,26.3711,-81.7733,,,173.162.13.106,80,,/,Null,Null,
5b0d008345bb0c000427844b,ip,NI,Null,Managua,12.1508,-86.2683,640,480,186.1.14.117,80,/axis-cgi/jpg/image.cgi,/axis-cgi/mjpg/video.cgi,Null,Null,
5b0d008845bb0c0004278451,ip,DK,Null,Valby,55.6581,12.5241,,,188.177.12.22,80,,/,Null,Null,
5b0d008c45bb0c0004278455,ip,AT,Null,,47.3333,13.3333,640,480,188.21.130.123,80,/record/current.jpg,/cgi-bin/faststream.jpg,Null,Null,
5b0d008d45bb0c0004278456,ip,AT,Null,,47.3333,13.3333,640,480,188.21.168.162,80,/record/current.jpg,/cgi-bin/faststream.jpg,Null,Null,
5b0d009945bb0c0004278462,ip,FR,Null,Le Chesnay,48.8222,2.1221,352,288,192.134.16.245,80,/axis-cgi/jpg/image.cgi,/axis-cgi/mjpg/video.cgi,Null,Null,
5b0d00e445bb0c00042784ad,ip,EE,Null,,59,26,640,480,193.40.110.163,80,/axis-cgi/jpg/image.cgi,/axis-cgi/mjpg/video.cgi,Null,Null,
5b0d00e845bb0c00042784b2,ip,HU,Null,Miskolc,48.1,20.7833,320,240,193.6.11.238,80,/axis-cgi/jpg/image.cgi,/axis-cgi/mjpg/video.cgi,Null,Null,
5b0d00ff45bb0c00042784c9,ip,NO,Null,Oslo,59.9167,10.75,704,576,194.19.11.26,80,/axis-cgi/jpg/image.cgi,/axis-cgi/mjpg/video.cgi,Null,Null,
5b0d011f45bb0c00042784eb,ip,AT,Null,Salzburg,47.8,13.0333,,,195.70.117.15,80,,/,Null,Null,
5b0d013045bb0c00042784fa,ip,US,NV,Fernley,39.6688,-119.069,640,480,199.1.195.69,80,/axis-cgi/jpg/image.cgi,/axis-cgi/mjpg/video.cgi,Null,Null,
5b0d013b45bb0c0004278506,ip,MX,Null,,19.43,-99.13,704,480,201.166.63.44,80,/axis-cgi/jpg/image.cgi,/axis-cgi/mjpg/video.cgi,Null,Null,
5b0d013e45bb0c0004278509,ip,JP,Null,Okayama,34.6617,133.935,,,202.142.10.11,80,,/,Null,Null,
5b0d014345bb0c000427850d,ip,JP,Null,Okayama,34.6617,133.935,320,240,202.142.12.34,80,/SnapshotJPEG?Resolution,/nphMotionJpeg?Resolution,Null,Null,
5b0d014745bb0c0004278512,ip,JP,Null,Okayama,34.6617,133.935,320,240,202.142.12.41,80,/SnapshotJPEG?Resolution,/nphMotionJpeg?Resolution,Null,Null,
5b0d014c45bb0c0004278517,ip,JP,Null,Okayama,34.6617,133.935,320,240,202.142.12.46,80,/SnapshotJPEG?Resolution,/nphMotionJpeg?Resolution,Null,Null,
5b0d015445bb0c000427851f,ip,JP,Null,,35.69,139.69,160,120,202.183.63.208,80,/SnapshotJPEG?Resolution,/nphMotionJpeg?Resolution,Null,Null,
5b0d015745bb0c0004278522,ip,JP,Null,,35.69,139.69,,,202.212.240.184,80,,/,Null,Null,
5b0d015e45bb0c000427852a,ip,JP,Null,Nagoya,35.1802,136.907,320,240,202.41.220.40,80,/SnapshotJPEG?Resolution,/nphMotionJpeg?Resolution,Null,Null,
5b0d015f45bb0c000427852b,ip,NZ,Null,Tauranga,-37.6861,176.167,,,202.49.165.67,80,,/,Null,Null,
5b0d017345bb0c000427853d,ip,US,Null,,38,-97,704,480,205.167.19.118,80,/axis-cgi/jpg/image.cgi,/axis-cgi/mjpg/video.cgi,Null,Null,
5b0d017445bb0c000427853e,ip,CA,Null,Fredericton,45.9535,-66.6704,,,205.174.168.131,80,,/,Null,Null,
5b0d017a45bb0c0004278544,ip,US,NV,Sparks,39.5398,-119.739,640,480,206.158.4.16,80,/axis-cgi/jpg/image.cgi,/axis-cgi/mjpg/video.cgi,Null,Null,
5b0d017b45bb0c0004278545,ip,US,NV,Carson City,39.1496,-119.718,640,480,206.159.119.8,80,/axis-cgi/jpg/image.cgi,/axis-cgi/mjpg/video.cgi,Null,Null,
5b0d01a745bb0c000427856f,ip,US,OR,Eugene,44.0521,-123.087,,,208.85.232.166,80,,/,Null,Null,
5b0d01b245bb0c000427857a,ip,US,Null,,38,-97,,,209.206.162.230,80,/axis-cgi/jpg/image.cgi,/axis-cgi/mjpg/video.cgi,Null,Null,
5b0d01b845bb0c0004278581,ip,JP,Null,,35.69,139.69,640,480,210.128.81.133,80,/SnapshotJPEG?Resolution,/nphMotionJpeg?Resolution,Null,Null,
5b0d01cb45bb0c0004278594,ip,JP,Null,,35.69,139.69,640,480,210.167.76.204,80,/SnapshotJPEG?Resolution,/nphMotionJpeg?Resolution,Null,Null,
5b0d01df45bb0c00042785aa,ip,TW,Null,,23.5,121,,,211.22.166.96,80,,/,Null,Null,
5b0d01e545bb0c00042785b0,ip,AT,Null,Lassnitzhohe,47.0667,15.5833,320,240,212.108.45.50,80,/axis-cgi/jpg/image.cgi,/axis-cgi/mjpg/video.cgi,Null,Null,
5b0d01f145bb0c00042785bd,ip,FI,Null,,64,26,1280,800,212.213.21.167,80,/axis-cgi/jpg/image.cgi,/axis-cgi/mjpg/video.cgi,Null,Null,
5b0d021d45bb0c00042785e4,ip,CZ,Null,Novy Jicin,49.5983,18.0124,640,480,213.155.224.198,80,/record/current.jpg,/cgi-bin/faststream.jpg,Null,Null,
5b0d022245bb0c00042785e8,ip,IT,Null,Verona,45.45,11,,,213.171.96.200,80,/axis-cgi/jpg/image.cgi,/axis-cgi/mjpg/video.cgi,Null,Null,
5b0d023545bb0c00042785f8,ip,CH,Null,Vionnaz,46.3105,6.9011,640,480,213.221.150.136,80,/axis-cgi/jpg/image.cgi,/axis-cgi/mjpg/video.cgi,Null,Null,
5b0d023c45bb0c00042785fe,ip,FI,Null,Sirkka,66.6833,24.4,800,600,213.28.111.11,80,/record/current.jpg,/cgi-bin/faststream.jpg,Null,Null,
5b0d023f45bb0c0004278601,ip,FI,Null,Sirkka,66.6833,24.4,1280,480,213.28.111.14,80,/record/current.jpg,/cgi-bin/faststream.jpg,Null,Null,
5b0d028345bb0c0004278643,ip,DE,Null,,51,9,704,576,217.24.53.25,80,/axis-cgi/jpg/image.cgi,/axis-cgi/mjpg/video.cgi,Null,Null,
5b0d028a45bb0c000427864a,ip,DE,Null,,51,9,640,480,217.7.233.140,80,/record/current.jpg,/cgi-bin/faststream.jpg,Null,Null,
5b0d028d45bb0c000427864c,ip,SE,Null,Varberg,57.1,12.25,1024,768,217.73.101.60,80,/axis-cgi/jpg/image.cgi,/axis-cgi/mjpg/video.cgi,Null,Null,
5b0d029045bb0c000427864f,ip,DE,Null,,51,9,640,480,217.89.94.116,80,/record/current.jpg,/cgi-bin/faststream.jpg,Null,Null,
5b0d029745bb0c0004278656,ip,DE,Null,,51,9,1280,720,217.91.208.210,80,/axis-cgi/jpg/image.cgi,/axis-cgi/mjpg/video.cgi,Null,Null,
5b0d029f45bb0c000427865e,ip,DE,Null,Korntal-mnchingen,48.8167,9.1167,768,576,217.92.73.116,80,/axis-cgi/jpg/image.cgi,/axis-cgi/mjpg/video.cgi,Null,Null,
5b0d02a345bb0c0004278662,ip,JP,Null,,35.69,139.69,,,218.224.118.87,80,,/,Null,Null,
5b0d02a745bb0c0004278667,ip,JP,Null,,35.69,139.69,,,218.45.52.87,80,,/,Null,Null,
5b0d02b745bb0c0004278677,ip,JP,Null,,35.69,139.69,,,219.96.143.197,80,,/,Null,Null,
5b0d02ba45bb0c000427867a,ip,JP,Null,Tokyo,35.685,139.751,,,220.109.217.99,80,,/,Null,Null,
5b0d02c645bb0c0004278687,ip,JP,Null,,35.69,139.69,640,480,220.254.170.10,80,/SnapshotJPEG?Resolution,/nphMotionJpeg?Resolution,Null,Null,
5b0d02c745bb0c0004278688,ip,JP,Null,,35.69,139.69,640,480,220.254.170.11,80,/SnapshotJPEG?Resolution,/nphMotionJpeg?Resolution,Null,Null,
5b0d02c945bb0c0004278689,ip,JP,Null,,35.69,139.69,640,480,220.254.170.12,80,/SnapshotJPEG?Resolution,/nphMotionJpeg?Resolution,Null,Null,
5b0d02ca45bb0c000427868a,ip,JP,Null,,35.69,139.69,640,480,220.254.170.13,80,/SnapshotJPEG?Resolution,/nphMotionJpeg?Resolution,Null,Null,
5b0d02cb45bb0c000427868b,ip,JP,Null,,35.69,139.69,640,480,220.254.170.14,80,/SnapshotJPEG?Resolution,/nphMotionJpeg?Resolution,Null,Null,
5b0d02cc45bb0c000427868c,ip,JP,Null,,35.69,139.69,640,480,220.254.170.15,80,/SnapshotJPEG?Resolution,/nphMotionJpeg?Resolution,Null,Null,
5b0d02cd45bb0c000427868d,ip,JP,Null,,35.69,139.69,640,480,220.254.170.16,80,/SnapshotJPEG?Resolution,/nphMotionJpeg?Resolution,Null,Null,
5b0d02cd45bb0c000427868e,ip,JP,Null,,35.69,139.69,640,480,220.254.170.17,80,/SnapshotJPEG?Resolution,/nphMotionJpeg?Resolution,Null,Null,
5b0d02ce45bb0c000427868f,ip,JP,Null,,35.69,139.69,640,480,220.254.170.3,80,/SnapshotJPEG?Resolution,/nphMotionJpeg?Resolution,Null,Null,
5b0d02cf45bb0c0004278690,ip,JP,Null,,35.69,139.69,640,480,220.254.170.7,80,/SnapshotJPEG?Resolution,/nphMotionJpeg?Resolution,Null,Null,
5b0d02d045bb0c0004278691,ip,JP,Null,,35.69,139.69,640,480,220.254.170.8,80,/SnapshotJPEG?Resolution,/nphMotionJpeg?Resolution,Null,Null,
5b0d02d145bb0c0004278692,ip,JP,Null,,35.69,139.69,640,480,220.254.170.9,80,/SnapshotJPEG?Resolution,/nphMotionJpeg?Resolution,Null,Null,
5b0d02d445bb0c0004278695,ip,JP,Null,,35.69,139.69,,,220.254.98.19,80,,/,Null,Null,
5b0d02de45bb0c00042786a0,ip,US,NV,Las Vegas,36.0781,-115.212,,,24.120.137.5,80,,/,Null,Null,
5b0d030c45bb0c00042786ca,ip,JP,Null,Osaka,34.6864,135.52,,,59.190.141.25,80,,/,Null,Null,
5b0d030d45bb0c00042786cb,ip,JP,Null,Osaka,34.6864,135.52,,,59.190.141.26,80,,/,Null,Null,
5b0d030e45bb0c00042786cc,ip,JP,Null,Osaka,34.6864,135.52,,,59.190.141.27,80,,/,Null,Null,
5b0d030f45bb0c00042786cd,ip,JP,Null,Osaka,34.6864,135.52,,,59.190.141.29,80,,/,Null,Null,
5b0d031645bb0c00042786d4,ip,JP,Null,Tokyo,35.685,139.751,,,60.32.213.59,80,,/,Null,Null,
5b0d031e45bb0c00042786dc,ip,JP,Null,Tokyo,35.685,139.751,,,60.43.47.118,80,,/,Null,Null,
5b0d032945bb0c00042786e8,ip,JP,Null,Tokyo,35.685,139.751,,,61.115.72.220,80,,/,Null,Null,
5b0d033545bb0c00042786f5,ip,JP,Null,,35.69,139.69,,,61.197.202.13,80,,/,Null,Null,
5b0d033845bb0c00042786f8,ip,JP,Null,,35.69,139.69,,,61.205.224.210,80,,/,Null,Null,
5b0d033b45bb0c00042786fb,ip,JP,Null,,35.69,139.69,640,480,61.206.12.228,80,/SnapshotJPEG?Resolution,/nphMotionJpeg?Resolution,Null,Null,
5b0d033c45bb0c00042786fc,ip,JP,Null,,35.69,139.69,640,480,61.206.12.229,80,/SnapshotJPEG?Resolution,/nphMotionJpeg?Resolution,Null,Null,
5b0d033d45bb0c00042786fd,ip,JP,Null,,35.69,139.69,640,480,61.206.12.230,80,/SnapshotJPEG?Resolution,/nphMotionJpeg?Resolution,Null,Null,
5b0d033e45bb0c00042786fe,ip,JP,Null,,35.69,139.69,640,480,61.206.12.231,80,/SnapshotJPEG?Resolution,/nphMotionJpeg?Resolution,Null,Null,
5b0d033f45bb0c00042786ff,ip,JP,Null,,35.69,139.69,640,480,61.206.12.232,80,/SnapshotJPEG?Resolution,/nphMotionJpeg?Resolution,Null,Null,
5b0d034145bb0c0004278701,ip,JP,Null,,35.69,139.69,,,61.209.195.189,80,,/,Null,Null,
5b0d034245bb0c0004278702,ip,JP,Null,,35.69,139.69,,,61.209.195.190,80,,/,Null,Null,
5b0d034345bb0c0004278703,ip,JP,Null,,35.69,139.69,640,480,61.211.241.238,80,/SnapshotJPEG?Resolution,/nphMotionJpeg?Resolution,Null,Null,
5b0d034645bb0c0004278706,ip,JP,Null,Karatsu,33.4425,129.97,,,61.7.34.16,80,,/,Null,Null,
5b0d034745bb0c0004278707,ip,JP,Null,Karatsu,33.4425,129.97,,,61.7.34.17,80,,/,Null,Null,
5b0d034845bb0c0004278708,ip,JP,Null,Saga,33.2493,130.299,,,61.7.96.34,80,,/,Null,Null,
5b0d034d45bb0c000427870d,ip,JP,Null,Saga,33.2493,130.299,,,61.7.96.40,80,,/,Null,Null,
5b0d035245bb0c0004278712,ip,SE,Null,Bollns,61.35,16.3667,640,480,62.108.201.7,80,/record/current.jpg,/cgi-bin/faststream.jpg,Null,Null,
5b0d038245bb0c0004278742,ip,CA,Null,Portland,44.7031,-76.1805,640,480,64.118.25.194,80,/axis-cgi/jpg/image.cgi,/axis-cgi/mjpg/video.cgi,Null,Null,
5b0d039d45bb0c000427875e,ip,US,Null,,38,-97,,,65.73.192.171,80,,/,Null,Null,
5b0d03ab45bb0c000427876c,ip,US,HI,Koloa,21.9081,-159.476,704,480,66.193.157.18,80,/axis-cgi/jpg/image.cgi,/axis-cgi/mjpg/video.cgi,Null,Null,
5b0d03ad45bb0c000427876e,ip,US,CT,Niantic,41.3277,-72.2177,704,480,66.212.195.106,80,/axis-cgi/jpg/image.cgi,/axis-cgi/mjpg/video.cgi,Null,Null,
5b0d03af45bb0c0004278770,ip,US,SD,Beresford,43.0693,-96.7959,,,66.231.11.230,80,,/,Null,Null,
5b0d03b845bb0c0004278778,ip,US,WV,Mineral Wells,39.1491,-81.5257,,,66.76.169.14,8080,,,Null,Null,
5b0d03ba45bb0c000427877a,ip,US,Null,,38,-97,,,67.109.160.248,80,,/,Null,Null,
5b0d03c345bb0c0004278783,ip,US,AZ,Rio Rico,31.5017,-111.069,,,67.212.206.24,80,,/,Null,Null,
5b0d03c945bb0c0004278789,ip,US,Null,,38,-97,640,480,67.53.34.94,4001,/axis-cgi/jpg/image.cgi,/axis-cgi/mjpg/video.cgi,Null,Null,
5b0d03ca45bb0c000427878a,ip,US,Null,,38,-97,640,480,67.53.34.94,4002,/axis-cgi/jpg/image.cgi,/axis-cgi/mjpg/video.cgi,Null,Null,
5b0d03cb45bb0c000427878b,ip,US,Null,,38,-97,640,480,67.53.34.94,80,/axis-cgi/jpg/image.cgi,/axis-cgi/mjpg/video.cgi,Null,Null,
5b0d03cc45bb0c000427878c,ip,US,Null,,38,-97,640,480,67.53.48.2,80,/SnapshotJPEG?Resolution,/nphMotionJpeg?Resolution,Null,Null,
5b0d03f445bb0c00042787b4,ip,US,IA,Cherokee,42.7504,-95.5817,,,70.58.223.162,80,,/,Null,Null,
5b0d03fe45bb0c00042787bb,ip,US,CA,Oakland,37.8044,-122.271,,,70.91.205.26,80,,/,Null,Null,
5b0d03ff45bb0c00042787bc,ip,US,CA,Oakland,37.8044,-122.271,,,70.91.205.27,80,,/,Null,Null,
5b0d040045bb0c00042787bd,ip,US,CA,Oakland,37.8044,-122.271,,,70.91.205.28,80,,/,Null,Null,
5b0d040145bb0c00042787be,ip,US,CA,Oakland,37.8044,-122.271,,,70.91.205.29,80,,/,Null,Null,
5b0d042645bb0c00042787de,ip,US,TX,Andrews,32.3046,-102.638,640,480,72.48.231.50,80,/axis-cgi/jpg/image.cgi,/axis-cgi/mjpg/video.cgi,Null,Null,
5b0d042845bb0c00042787df,ip,US,ME,Farmingdale,44.2618,-69.8232,640,480,72.95.127.157,80,/axis-cgi/jpg/image.cgi,/axis-cgi/mjpg/video.cgi,Null,Null,
5b0d042e45bb0c00042787e4,ip,US,Null,,38,-97,,,74.143.29.158,80,,/,Null,Null,
5b0d042f45bb0c00042787e5,ip,US,FL,Miami,25.7014,-80.3582,704,480,74.164.25.34,80,/axis-cgi/jpg/image.cgi,/axis-cgi/mjpg/video.cgi,Null,Null,
5b0d043445bb0c00042787e9,ip,US,Null,,38,-97,,,74.39.180.98,80,,/,Null,Null,
5b0d043645bb0c00042787eb,ip,US,IL,Chicago,41.85,-87.65,,,74.92.190.158,80,,/,Null,Null,
5b0d043745bb0c00042787ec,ip,US,FL,Miami,25.7743,-80.1937,800,500,74.92.201.146,80,/axis-cgi/jpg/image.cgi,/axis-cgi/mjpg/video.cgi,Null,Null,
5b0d044d45bb0c0004278801,ip,US,FL,Naples,26.1145,-81.7366,,,76.7.93.65,80,,/,Null,Null,
5b0d045845bb0c000427880d,ip,CZ,Null,Bystrice Pod Hostynem,49.3996,17.6742,640,480,77.48.31.70,80,/axis-cgi/jpg/image.cgi,/axis-cgi/mjpg/video.cgi,Null,Null,
5b0d045c45bb0c0004278811,ip,CZ,Null,Lesonice,49.1084,15.7572,480,360,78.156.141.219,80,/axis-cgi/jpg/image.cgi,/axis-cgi/mjpg/video.cgi,Null,Null,
5b0d046245bb0c0004278818,ip,FI,Null,Mikkeli,61.6833,27.25,800,450,79.141.146.81,80,/axis-cgi/jpg/image.cgi,/axis-cgi/mjpg/video.cgi,Null,Null,
5b0d046e45bb0c0004278822,ip,FR,Null,,48.86,2.35,352,288,80.11.171.14,8080,/axis-cgi/jpg/image.cgi,/axis-cgi/mjpg/video.cgi,Null,Null,
5b0d047945bb0c000427882c,ip,FR,Null,,48.86,2.35,640,480,80.13.189.135,80,/axis-cgi/jpg/image.cgi,/axis-cgi/mjpg/video.cgi,Null,Null,
5b0d048e45bb0c0004278841,ip,GB,Null,,51.5,-0.13,320,240,80.229.149.26,80,/axis-cgi/jpg/image.cgi,/axis-cgi/mjpg/video.cgi,Null,Null,
5b0d04a045bb0c0004278851,ip,AT,Null,,47.3333,13.3333,704,576,80.75.240.35,80,/axis-cgi/jpg/image.cgi,/axis-cgi/mjpg/video.cgi,Null,Null,
5b0d04c245bb0c0004278873,ip,SE,Null,,62,15,704,576,81.8.143.33,80,/axis-cgi/jpg/image.cgi,/axis-cgi/mjpg/video.cgi,Null,Null,
5b0d04c445bb0c0004278875,ip,SE,Null,Sderala,61.2833,16.9667,1024,768,81.94.77.18,80,/record/current.jpg,/cgi-bin/faststream.jpg,Null,Null,
5b0d04d045bb0c0004278882,ip,NO,Null,Kopervik,59.2833,5.3,640,480,82.134.72.194,80,/axis-cgi/jpg/image.cgi,/axis-cgi/mjpg/video.cgi,Null,Null,
5b0d04d145bb0c0004278883,ip,NO,Null,Kopervik,59.2833,5.3,640,480,82.134.72.195,80,/axis-cgi/jpg/image.cgi,/axis-cgi/mjpg/video.cgi,Null,Null,
5b0d04d745bb0c0004278888,ip,HU,Null,,47,20,,,82.141.158.59,80,,/,Null,Null,
5b0d04d845bb0c0004278889,ip,HU,Null,,47,20,,,82.141.158.61,80,,/,Null,Null,
5b0d04de45bb0c000427888f,ip,NO,Null,Hamar,60.8,11.1,,,82.147.33.164,80,,/,Null,Null,
5b0d04e345bb0c0004278893,ip,IT,Null,,42.8333,12.8333,704,576,82.188.195.100,80,/axis-cgi/jpg/image.cgi,/axis-cgi/mjpg/video.cgi,Null,Null,
5b0d051645bb0c00042788c4,ip,GR,Null,,39,22,640,480,84.205.237.90,80,/record/current.jpg,/cgi-bin/faststream.jpg,Null,Null,
5b0d051f45bb0c00042788cd,ip,DE,Null,Ettlingen,48.9445,8.4027,640,480,85.115.28.98,80,/axis-cgi/jpg/image.cgi,/axis-cgi/mjpg/video.cgi,Null,Null,
5b0d052a45bb0c00042788d7,ip,AT,Null,,47.3333,13.3333,640,480,85.199.13.6,80,/axis-cgi/jpg/image.cgi,/axis-cgi/mjpg/video.cgi,Null,Null,
5b0d053145bb0c00042788dd,ip,DE,Null,Munich,48.15,11.5833,704,576,85.233.48.18,80,/axis-cgi/jpg/image.cgi,/axis-cgi/mjpg/video.cgi,Null,Null,
5b0d053545bb0c00042788e2,ip,IT,Null,,42.8333,12.8333,480,640,85.43.154.40,80,/axis-cgi/jpg/image.cgi,/axis-cgi/mjpg/video.cgi,Null,Null,
5b0d053645bb0c00042788e3,ip,CZ,Null,,49.75,15.5,640,480,85.70.78.167,80,/record/current.jpg,/cgi-bin/faststream.jpg,Null,Null,
5b0d054245bb0c00042788f0,ip,AT,Null,Wilhering,48.3167,14.2,640,480,86.56.185.46,80,/axis-cgi/jpg/image.cgi,/axis-cgi/mjpg/video.cgi,Null,Null,
5b0d054445bb0c00042788f2,ip,HU,Null,,47,20,768,576,87.101.127.24,80,/axis-cgi/jpg/image.cgi,/axis-cgi/mjpg/video.cgi,Null,Null,
5b0d054f45bb0c00042788fd,ip,PL,Null,Czarnkw,52.9021,16.5641,320,240,87.204.160.9,80,/axis-cgi/jpg/image.cgi,/axis-cgi/mjpg/video.cgi,Null,Null,
5b0d055745bb0c0004278905,ip,JE,Null,Saint Helier,49.1833,-2.1,352,288,87.244.76.134,80,/axis-cgi/jpg/image.cgi,/axis-cgi/mjpg/video.cgi,Null,Null,
5b0d056245bb0c000427890e,ip,AT,Null,,47.3333,13.3333,1920,1080,88.116.112.202,80,/axis-cgi/jpg/image.cgi,/axis-cgi/mjpg/video.cgi,Null,Null,
5b0d058a45bb0c0004278937,ip,CZ,Null,,49.75,15.5,640,480,89.203.137.209,80,/axis-cgi/jpg/image.cgi,/axis-cgi/mjpg/video.cgi,Null,Null,
5b0d059845bb0c0004278945,ip,AT,Null,Bad Wimsbach-neydharting,48.0667,13.9,640,480,91.112.232.243,80,/axis-cgi/jpg/image.cgi,/axis-cgi/mjpg/video.cgi,Null,Null,
5b0d059945bb0c0004278946,ip,AT,Null,Bad Wimsbach-neydharting,48.0667,13.9,640,480,91.112.232.244,80,/axis-cgi/jpg/image.cgi,/axis-cgi/mjpg/video.cgi,Null,Null,
5b0d059d45bb0c000427894a,ip,AT,Null,,47.3333,13.3333,640,480,91.113.220.122,80,/axis-cgi/jpg/image.cgi,/axis-cgi/mjpg/video.cgi,Null,Null,
5b0d05af45bb0c000427895c,ip,RU,Null,,60,100,,,92.50.137.114,80,,/,Null,Null,
5b0d05bc45bb0c000427896a,ip,IS,Null,,65,-18,640,480,93.95.74.169,80,/axis-cgi/jpg/image.cgi,/axis-cgi/mjpg/video.cgi,Null,Null,
5b0d05c045bb0c000427896e,ip,NO,Null,Austevoll,60.1,5.1667,2560,1440,94.143.68.29,80,/now.jpg,/now.jpg?snap=spush,Null,Null,
5b0d05c845bb0c0004278976,ip,RU,Null,,60,100,1024,640,95.161.27.60,80,/axis-cgi/jpg/image.cgi,/axis-cgi/mjpg/video.cgi,Null,Null,
5b0d05c945bb0c0004278977,ip,RU,Null,,60,100,1280,960,95.161.27.6,80,/axis-cgi/jpg/image.cgi,/axis-cgi/mjpg/video.cgi,Null,Null,
5b0d05d945bb0c0004278985,ip,US,FL,Pensacola,30.4578,-87.2582,640,480,97.64.145.7,80,/axis-cgi/jpg/image.cgi,/axis-cgi/mjpg/video.cgi,Null,Null,
5b0d063e45bb0c00042789eb,ip,SE,Null,Karlskoga,59.3333,14.5167,640,480,88.84.250.237,80,/axis-cgi/jpg/image.cgi,/axis-cgi/mjpg/video.cgi,Null,Null,
5b0d067345bb0c0004278a1d,ip,RU,Null,Amur,54.1549,34.3141,768,576,83.234.97.117,80,/axis-cgi/jpg/image.cgi,/axis-cgi/mjpg/video.cgi,Null,Null,
5b0d067545bb0c0004278a1f,ip,RU,Null,,60,100,1280,800,93.123.226.39,80,/axis-cgi/jpg/image.cgi,/axis-cgi/mjpg/video.cgi,Null,Null,
5b0d067645bb0c0004278a20,ip,AT,Null,Salzburg,47.8,13.0333,704,576,195.70.107.151,80,/axis-cgi/jpg/image.cgi,/axis-cgi/mjpg/video.cgi,Null,Null,
5b0d067845bb0c0004278a22,ip,US,NY,East Northport,40.8618,-73.3151,640,480,96.57.11.42,80,/axis-cgi/jpg/image.cgi,/axis-cgi/mjpg/video.cgi,Null,Null,
5b0d069a45bb0c0004278a45,ip,US,CA,Fremont,37.5155,-121.896,640,480,72.52.116.28,80,/axis-cgi/jpg/image.cgi,/axis-cgi/mjpg/video.cgi,Null,Null,
5b0d06a545bb0c0004278a51,ip,UA,Null,,49,32,640,480,194.44.202.21,80,/axis-cgi/jpg/image.cgi,/axis-cgi/mjpg/video.cgi,Null,Null,
5b0d06af45bb0c0004278a5a,ip,NO,Null,,62,10,1280,720,87.238.46.3,80,/axis-cgi/jpg/image.cgi,/axis-cgi/mjpg/video.cgi,Null,Null,
5b0d06b145bb0c0004278a5c,ip,IT,Null,Ferrara,44.8333,11.5833,1024,768,192.167.218.64,80,/record/current.jpg,/cgi-bin/faststream.jpg,Null,Null,
5b0d06be45bb0c0004278a69,ip,GB,Null,,51.5,-0.13,192,144,81.174.151.43,80,/SnapshotJPEG?Resolution,/nphMotionJpeg?Resolution,Null,Null,
5b0d06c645bb0c0004278a6e,ip,TW,Null,Taipei,25.0392,121.525,320,240,61.60.92.52,80,/axis-cgi/jpg/image.cgi,/axis-cgi/mjpg/video.cgi,Null,Null,
5b0d06f145bb0c0004278a96,ip,AT,Null,Ainet,46.8661,12.7014,640,480,87.243.137.233,80,/axis-cgi/jpg/image.cgi,/axis-cgi/mjpg/video.cgi,Null,Null,
5b0d06f545bb0c0004278a9a,ip,DE,Null,,51,9,768,576,217.91.58.189,80,/axis-cgi/jpg/image.cgi,/axis-cgi/mjpg/video.cgi,Null,Null,
5b0d071b45bb0c0004278abf,ip,US,AZ,Prescott,34.6248,-112.422,640,480,199.104.253.5,80,/axis-cgi/jpg/image.cgi,/axis-cgi/mjpg/video.cgi,Null,Null,
5b0d073345bb0c0004278ad5,ip,DE,Null,Garmisch-partenkirchen,47.5,11.1,320,240,81.201.41.40,80,/cgi-bin/encoder?SNAPSHOT,/cgi-bin/cmd/system?GET_STREAM,Null,Null,
5b0d073a45bb0c0004278adb,ip,IT,Null,Monteprandone,42.9167,13.8333,640,480,82.143.6.78,80,/record/current.jpg,/cgi-bin/faststream.jpg,Null,Null,
5b0d074045bb0c0004278adf,ip,JP,Null,,35.69,139.69,,,210.197.74.203,80,,/,Null,Null,
5b0d076a45bb0c0004278b08,ip,EE,Null,,59,26,640,480,194.126.117.99,80,/record/current.jpg,/cgi-bin/faststream.jpg,Null,Null,
5b0d076b45bb0c0004278b09,ip,JP,Null,Osaka,34.6864,135.52,,,59.190.141.24,80,,/,Null,Null,
5b0d077c45bb0c0004278b1a,ip,US,CA,Fullerton,33.8768,-117.893,640,480,137.151.190.130,80,/axis-cgi/jpg/image.cgi,/axis-cgi/mjpg/video.cgi,Null,Null,
5b0d079145bb0c0004278b2f,ip,SE,Null,Sderala,61.2833,16.9667,800,600,81.94.75.251,80,/record/current.jpg,/cgi-bin/faststream.jpg,Null,Null,
5b0d079b45bb0c0004278b38,ip,PL,Null,Polska,52.5931,19.0894,704,576,95.50.215.157,80,/axis-cgi/jpg/image.cgi,/axis-cgi/mjpg/video.cgi,Null,Null,
5b0d07a845bb0c0004278b44,ip,FI,Null,Helsinki,60.1756,24.9342,,,128.214.192.138,80,,/,Null,Null,
5b0d07d145bb0c0004278b6c,ip,JP,Null,,35.69,139.69,640,480,202.24.142.77,80,/SnapshotJPEG?Resolution,/nphMotionJpeg?Resolution,Null,Null,
5b0d07d445bb0c0004278b6f,ip,JP,Null,,35.69,139.69,640,480,202.237.132.50,80,/SnapshotJPEG?Resolution,/nphMotionJpeg?Resolution,Null,Null,
5b0d081e45bb0c0004278bb7,ip,US,UT,Provo,40.2181,-111.613,,,69.195.124.111,80,,/,Null,Null,
5b0d083b45bb0c0004278bd2,ip,US,NJ,Secaucus,40.7801,-74.0633,,,173.214.168.42,80,,/,Null,Null,
5b0d083c45bb0c0004278bd3,ip,US,TX,Houston,29.8301,-95.4739,,,192.185.105.4,80,,/,Null,Null,
5b0d086845bb0c0004278c01,ip,DE,Null,Bad Essen,52.3167,8.3333,640,480,195.243.212.53,80,/axis-cgi/jpg/image.cgi,/axis-cgi/mjpg/video.cgi,Null,Null,
5b0d087845bb0c0004278c11,ip,US,MA,Salem,42.5153,-70.9075,,,69.25.192.22,80,,/,Null,Null,
5b0d088845bb0c0004278c21,ip,FR,Null,Paris,48.8667,2.3333,640,480,80.12.83.251,81,/axis-cgi/jpg/image.cgi,/axis-cgi/mjpg/video.cgi,Null,Null,
5b0d089a45bb0c0004278c31,ip,GR,Null,,39,22,640,480,83.235.21.106,8090,/record/current.jpg,/cgi-bin/faststream.jpg,Null,Null,
5b0d089b45bb0c0004278c32,ip,GR,Null,,39,22,640,480,83.235.21.106,9000,/record/current.jpg,/cgi-bin/faststream.jpg,Null,Null,
5b0d08ad45bb0c0004278c42,ip,DE,Null,Dresden,51.05,13.75,,,79.238.110.186,80,,/,Null,Null,
5b0d08d145bb0c0004278c66,ip,US,AZ,Scottsdale,33.6119,-111.891,,,50.63.202.18,80,,/,Null,Null,
5b0d08e545bb0c0004278c7a,ip,US,TN,Jackson,35.7125,-88.7021,1920,1080,69.167.204.51,80,/axis-cgi/jpg/image.cgi,/axis-cgi/mjpg/video.cgi,Null,Null,
5b0d08f445bb0c0004278c89,ip,AT,Null,,47.3333,13.3333,704,576,85.199.1.39,80,/axis-cgi/jpg/image.cgi,/axis-cgi/mjpg/video.cgi,Null,Null,
5b0d08f945bb0c0004278c8d,ip,ES,Null,Alicante,38.3462,-0.4877,704,576,193.147.145.171,80,/axis-cgi/jpg/image.cgi,/axis-cgi/mjpg/video.cgi,Null,Null,
5b0d091245bb0c0004278ca3,ip,US,NY,Rochester,43.0899,-77.6376,704,480,150.160.7.33,80,/axis-cgi/jpg/image.cgi,/axis-cgi/mjpg/video.cgi,Null,Null,
5b0d091c45bb0c0004278cab,ip,SE,Null,Stor,59.7167,15.1333,704,576,195.34.84.194,80,/axis-cgi/jpg/image.cgi,/axis-cgi/mjpg/video.cgi,Null,Null,
5b0d091d45bb0c0004278cac,ip,JP,Null,,35.69,139.69,640,480,61.206.12.233,80,/SnapshotJPEG?Resolution,/nphMotionJpeg?Resolution,Null,Null,
5b0d091e45bb0c0004278cad,ip,US,MI,Wixom,42.52,-83.5517,,,71.13.238.190,80,,/,Null,Null,
5b0d092245bb0c0004278cb1,ip,US,MI,Wixom,42.52,-83.5517,,,71.13.238.191,80,,/,Null,Null,
5b0d092345bb0c0004278cb2,ip,US,MI,Wixom,42.52,-83.5517,,,71.13.238.192,80,,/,Null,Null,
5b0d092445bb0c0004278cb3,ip,US,NY,Rochester,43.0899,-77.6376,,,129.21.236.7,80,,/,Null,Null,
5b0d092b45bb0c0004278cbb,ip,IT,Null,,42.8333,12.8333,640,480,195.62.179.17,80,/record/current.jpg,/cgi-bin/faststream.jpg,Null,Null,
5b0d092c45bb0c0004278cbc,ip,DE,Null,,51,9,640,480,89.246.130.164,80,/record/current.jpg,/cgi-bin/faststream.jpg,Null,Null,
5b0d093245bb0c0004278cc2,ip,SE,Null,Vilhelmina,64.6167,16.65,640,480,81.8.180.115,80,/axis-cgi/jpg/image.cgi,/axis-cgi/mjpg/video.cgi,Null,Null,
5b0d093545bb0c0004278cc5,ip,FI,Null,Kristiinankaupunki,62.2833,21.3833,800,600,194.251.132.98,80,/record/current.jpg,/cgi-bin/faststream.jpg,Null,Null,
5b0d093845bb0c0004278cc8,ip,SE,Null,Strmstad,58.9333,11.1833,640,480,194.71.159.8,80,/axis-cgi/jpg/image.cgi,/axis-cgi/mjpg/video.cgi,Null,Null,
5b0d093845bb0c0004278cc9,ip,SE,Null,Vilhelmina,64.6167,16.65,704,576,81.8.160.246,80,/axis-cgi/jpg/image.cgi,/axis-cgi/mjpg/video.cgi,Null,Null,
5b0d093945bb0c0004278cca,ip,SE,Null,Vilhelmina,64.6167,16.65,640,480,81.8.160.235,80,/axis-cgi/jpg/image.cgi,/axis-cgi/mjpg/video.cgi,Null,Null,
5b0d094745bb0c0004278cd8,ip,US,IL,Schaumburg,42.0093,-88.0926,800,450,199.20.14.240,80,/axis-cgi/jpg/image.cgi,/axis-cgi/mjpg/video.cgi,Null,Null,
5b0d094b45bb0c0004278cdc,ip,DE,Null,,51,9,800,600,217.91.47.110,80,/record/current.jpg,/cgi-bin/faststream.jpg,Null,Null,
5b0d095245bb0c0004278ce3,ip,DE,Null,,51,9,640,480,80.73.112.171,80,/axis-cgi/jpg/image.cgi,/axis-cgi/mjpg/video.cgi,Null,Null,
5b0d095645bb0c0004278ce7,ip,FR,Null,Grenoble,45.1715,5.7224,640,480,147.173.216.121,80,/axis-cgi/jpg/image.cgi,/axis-cgi/mjpg/video.cgi,Null,Null,
5b0d095c45bb0c0004278ced,ip,AT,Null,,47.3333,13.3333,640,480,62.68.202.130,80,/record/current.jpg,/cgi-bin/faststream.jpg,Null,Null,
5b0d096e45bb0c0004278cfd,ip,US,IL,Wheeling,42.1286,-87.9237,,,50.76.244.73,80,/axis-cgi/jpg/image.cgi,/axis-cgi/mjpg/video.cgi,Null,Null,
5b0d099345bb0c0004278d1f,ip,US,OH,,39.9608,-84.1902,704,480,98.102.110.114,81,/axis-cgi/jpg/image.cgi,,Null,Null,
5b0d099845bb0c0004278d23,ip,US,WA,,47.9747,-122.352,320,240,209.166.65.130,80,/boothdock.jpg,,Null,Null,
5b0d099945bb0c0004278d24,ip,US,WA,,47.9747,-122.352,320,240,209.166.65.130,80,/boothhill.jpg,,Null,Null,
5b0d099945bb0c0004278d25,ip,US,WA,,47.9797,-122.358,320,240,209.166.65.130,80,/clinteast.jpg,,Null,Null,
5b0d099a45bb0c0004278d26,ip,US,WA,,47.9797,-122.357,320,240,209.166.65.130,80,/clintwest.jpg,,Null,Null,
5b0d09dd45bb0c0004278d6c,ip,JP,Null,Tokyo,35.685,139.751,,,110.3.251.231,80,,/,Null,Null,
5b0d09f845bb0c0004278d88,ip,JP,Null,Tokyo,35.685,139.751,,,114.160.215.99,80,,/,Null,Null,
5b0d09f945bb0c0004278d89,ip,JP,Null,Tokyo,35.685,139.751,,,114.160.23.155,80,,/,Null,Null,
5b0d0a2f45bb0c0004278dc0,ip,JP,Null,Tokyo,35.685,139.751,,,118.21.140.19,80,,/,Null,Null,
5b0d0a3e45bb0c0004278dcf,ip,US,Null,,38,-97,800,600,12.154.97.245,80,/axis-cgi/jpg/image.cgi,/axis-cgi/mjpg/video.cgi,Null,Null,
5b0d0a8545bb0c0004278e17,ip,JP,Null,,35.69,139.69,,,121.58.129.84,80,,/,Null,Null,
5b0d0a8745bb0c0004278e19,ip,JP,Null,Osaka,34.6864,135.52,,,121.83.134.16,80,,/,Null,Null,
5b0d0a8845bb0c0004278e1a,ip,JP,Null,Osaka,34.6864,135.52,,,121.83.134.18,80,,/,Null,Null,
5b0d0a9845bb0c0004278e2a,ip,JP,Null,Asahi,35.7167,140.65,,,122.249.144.177,80,,/,Null,Null,
5b0d0aeb45bb0c0004278e81,ip,US,HI,Honolulu,21.3267,-157.817,,,128.171.70.2,80,,/,Null,Null,
5b0d0af545bb0c0004278e8c,ip,US,AZ,Tucson,32.2338,-110.95,640,480,128.196.100.223,80,/axis-cgi/jpg/image.cgi,/axis-cgi/mjpg/video.cgi,Null,Null,
5b0d0afa45bb0c0004278e90,ip,US,AZ,Tucson,32.2338,-110.95,640,480,128.196.21.175,80,/axis-cgi/jpg/image.cgi,/axis-cgi/mjpg/video.cgi,Null,Null,
5b0d0afe45bb0c0004278e93,ip,US,MO,Columbia,38.9033,-92.1022,1920,1080,128.206.143.98,80,/axis-cgi/jpg/image.cgi,/axis-cgi/mjpg/video.cgi,Null,Null,
5b0d0b0f45bb0c0004278ea4,ip,US,MO,Saint Louis,38.6657,-90.3231,1280,960,128.252.105.1,80,/SnapshotJPEG?Resolution,/nphMotionJpeg?Resolution,Null,Null,
5b0d0b1245bb0c0004278ea7,ip,US,MO,Saint Louis,38.6657,-90.3231,1280,960,128.252.39.112,80,/SnapshotJPEG?Resolution,/nphMotionJpeg?Resolution,Null,Null,
5b0d0b2645bb0c0004278ebc,ip,US,NY,Rochester,43.1154,-77.5576,,,129.21.166.45,80,,/,Null,Null,
5b0d0b2745bb0c0004278ebd,ip,US,NY,Rochester,43.1154,-77.5576,,,129.21.166.46,80,,/,Null,Null,
5b0d0b4645bb0c0004278edc,ip,US,PA,Pittsburgh,40.4344,-80.0248,,,130.49.240.237,80,,/,Null,Null,
5b0d0b7245bb0c0004278f08,ip,DE,Null,Bremerhaven,53.55,8.5833,,,134.1.2.81,881,/record/current.jpg,/cgi-bin/faststream.jpg,Null,Null,
5b0d0b7345bb0c0004278f09,ip,DE,Null,Bremerhaven,53.55,8.5833,,,134.1.2.81,882,/record/current.jpg,/cgi-bin/faststream.jpg,Null,Null,
5b0d0b7545bb0c0004278f0a,ip,DE,Null,Bremerhaven,53.55,8.5833,,,134.1.2.81,883,/record/current.jpg,/cgi-bin/faststream.jpg,Null,Null,
5b0d0b7645bb0c0004278f0b,ip,DE,Null,Bremerhaven,53.55,8.5833,,,134.1.2.81,884,/record/current.jpg,/cgi-bin/faststream.jpg,Null,Null,
5b0d0b8a45bb0c0004278f20,ip,US,PA,Pittsburgh,40.4344,-80.0248,,,136.142.166.244,80,,/,Null,Null,
5b0d0b8d45bb0c0004278f24,ip,US,CA,La Jolla,32.8807,-117.236,704,480,137.110.112.53,80,/axis-cgi/jpg/image.cgi,/axis-cgi/mjpg/video.cgi,Null,Null,
5b0d0b9645bb0c0004278f2e,ip,US,AK,Fairbanks,64.8378,-147.716,,,137.229.236.51,80,,/,Null,Null,
5b0d0ba745bb0c0004278f3f,ip,US,NY,Syracuse,43.03,-76.1242,,,139.127.254.40,80,,/,Null,Null,
5b0d0bb145bb0c0004278f49,ip,JP,Null,Nagoya,35.1802,136.907,,,14.192.46.200,80,,/,Null,Null,
5b0d0be245bb0c0004278f7b,ip,US,NY,Jamestown,42.1045,-79.252,640,480,143.67.163.5,80,/axis-cgi/jpg/image.cgi,/axis-cgi/mjpg/video.cgi,Null,Null,
5b0d0c2445bb0c0004278fba,ip,JP,Null,Tokyo,35.685,139.751,,,153.142.40.130,80,,/,Null,Null,
5b0d0c4e45bb0c0004278fe4,ip,US,VA,Farmville,37.3016,-78.3949,,,159.230.4.119,80,,/,Null,Null,
5b0d0c6545bb0c0004278ffa,ip,US,CO,Parker,39.5186,-104.761,640,480,165.127.23.131,80,/axis-cgi/jpg/image.cgi,/axis-cgi/mjpg/video.cgi,Null,Null,
5b0d0ca145bb0c0004279034,ip,US,CA,Santa Monica,34.0119,-118.468,,,173.247.252.198,80,,/,Null,Null,
5b0d0d3145bb0c00042790c0,ip,FR,Null,Le Chesnay,48.8222,2.1221,704,576,192.134.15.20,80,/axis-cgi/jpg/image.cgi,/axis-cgi/mjpg/video.cgi,Null,Null,
5b0d0d3b45bb0c00042790c9,ip,US,TX,Houston,29.8301,-95.4739,,,192.185.5.29,80,,/,Null,Null,
5b0d0d3c45bb0c00042790ca,ip,US,TX,Houston,29.8301,-95.4739,,,192.185.79.88,80,,/,Null,Null,
5b0d0d4245bb0c00042790d0,ip,US,CA,Canoga Park,34.1974,-118.602,,,192.208.239.230,80,,/,Null,Null,
5b0d0d5045bb0c00042790dd,ip,US,MI,Flint,43.0138,-83.6883,,,192.96.211.4,80,,/,Null,Null,
5b0d0d8045bb0c0004279107,ip,AT,Null,Bad Goisern,47.6333,13.6167,704,576,193.33.210.30,80,/axis-cgi/jpg/image.cgi,/axis-cgi/mjpg/video.cgi,Null,Null,
5b0d326484d57c0004cb994d,ip,PL,Null,,52,20,704,480,193.46.68.18,80,/axis-cgi/jpg/image.cgi,/axis-cgi/mjpg/video.cgi,Null,Null,
5b0d326d84d57c0004cb9957,ip,SE,Null,,62,15,1280,720,194.103.218.16,80,/axis-cgi/jpg/image.cgi,/axis-cgi/mjpg/video.cgi,Null,Null,
5b0d329c84d57c0004cb9986,ip,DE,Null,Rostock,54.0833,12.1333,640,480,194.94.76.134,80,/record/current.jpg,/cgi-bin/faststream.jpg,Null,Null,
5b0d32bc84d57c0004cb99a7,ip,ES,Null,,40,-4,640,480,195.235.198.107,3344,/axis-cgi/jpg/image.cgi,/axis-cgi/mjpg/video.cgi,Null,Null,
5b0d32bd84d57c0004cb99a8,ip,ES,Null,,40,-4,640,480,195.235.198.107,3346,/axis-cgi/jpg/image.cgi,/axis-cgi/mjpg/video.cgi,Null,Null,
5b0d32e584d57c0004cb99d1,ip,PL,Null,Warsaw,52.25,21,768,576,195.74.79.83,29,/axis-cgi/jpg/image.cgi,/axis-cgi/mjpg/video.cgi,Null,Null,
5b0d32e684d57c0004cb99d2,ip,PL,Null,Warsaw,52.25,21,768,576,195.74.79.83,30,/axis-cgi/jpg/image.cgi,/axis-cgi/mjpg/video.cgi,Null,Null,
5b0d32ee84d57c0004cb99db,ip,MA,Null,,32,-5,704,576,196.12.203.72,80,/axis-cgi/jpg/image.cgi,/axis-cgi/mjpg/video.cgi,Null,Null,
5b0d32f084d57c0004cb99dd,ip,ZA,Null,Cape Town,-33.9258,18.4232,1024,768,196.21.94.4,80,/record/current.jpg,/cgi-bin/faststream.jpg,Null,Null,
